{
    "manufacturer": "Ahmed Barakat",
    "keyboard_name": "pomopad",
    "maintainer": "ahmedbarakat",
    "processor": "RP2040",
    "bootloader": "rp2040",
    "diode_direction": "COL2ROW",
    "usb": {
        "vid": "0xFEED",
        "pid": "0x0000",
        "device_version": "1.0.0"
    },
    "matrix_pins": {
        "cols": ["GP2", "GP3", "GP8"],
        "rows": ["GP9", "GP10", "GP11"]
    },

    "encoder": {
        "rotary": [
            { "pin_a": "GP4", "pin_b": "GP5" }
        ]
    },

    "features": {
        "bootmagic": true,
        "extrakey": true,
        "mousekey": true,
        "nkro": true,
        "oled": true,
        "rgblight": true
    },
    "layouts": {
        "LAYOUT_ortho_3x3": {
            "layout": [
                {"matrix": [0, 0], "x": 0, "y": 0},
                {"matrix": [0, 1], "x": 1, "y": 0},
                {"matrix": [0, 2], "x": 2, "y": 0},
                {"matrix": [1, 0], "x": 0, "y": 1},
                {"matrix": [1, 1], "x": 1, "y": 1},
                {"matrix": [1, 2], "x": 2, "y": 1},
                {"matrix": [2, 0], "x": 0, "y": 2},
                {"matrix": [2, 1], "x": 1, "y": 2},
                {"matrix": [2, 2], "x": 2, "y": 2}
            ]
        }
    }
}